brand,rank
Acer,1
Acer,2
Acer,3
Acer,4
Acer,4
Acer,6
Acer,6
Acer,8
Acer,9
Acer,9
Acer,9
Acer,9
Acer,9
Acer,14
Acer,14
Acer,14
Acer,14
Acer,18
Acer,18
Acer,18
Acer,21
Acer,21
Acer,21
Acer,24
Acer,24
Acer,24
Acer,24
Acer,28
Acer,28
Acer,28
Acer,28
Acer,32
Acer,32
Acer,32
Acer,32
Acer,36
Acer,36
Acer,36
Acer,36
Acer,36
Acer,41
Acer,41
Acer,41
Acer,41
Acer,41
Acer,41
Acer,47
Acer,47
Acer,47
Acer,47
Acer,47
Acer,52
Acer,52
Acer,52
Acer,55
Acer,55
Acer,55
Acer,55
Acer,55
Acer,55
Acer,55
Acer,55
Acer,55
Acer,55
Acer,55
Acer,55
Acer,55
Acer,55
Acer,55
Acer,55
Acer,55
Acer,72
Acer,72
Acer,72
Acer,72
Acer,72
Acer,72
Acer,72
Acer,72
Acer,72
Acer,72
Acer,72
Acer,72
Acer,72
Acer,72
Acer,86
Acer,86
Acer,86
Acer,86
Acer,86
Acer,86
Acer,86
Acer,86
Acer,86
Acer,86
Acer,86
Acer,86
Acer,86
Acer,99
Acer,99
Acer,99
Acer,99
Acer,99
Acer,99
Acer,99
Acer,99
Acer,99
Acer,99
Acer,99
Acer,99
Acer,99
Acer,99
Acer,113
Acer,113
Acer,113
Acer,113
Acer,113
Acer,113
Acer,113
Acer,113
Acer,113
Acer,113
Acer,113
Acer,113
Acer,125
Acer,125
Acer,125
Acer,125
Acer,125
Acer,125
Acer,125
Acer,125
Acer,125
Acer,125
Acer,125
Acer,136
Acer,136
Acer,136
Acer,136
Acer,136
Acer,136
Acer,136
Acer,136
Acer,136
Acer,136
Acer,136
Acer,136
Acer,136
Acer,136
Acer,136
Acer,136
Acer,136
Acer,153
Acer,153
Acer,153
Acer,153
Acer,153
Acer,153
Acer,153
Acer,153
Acer,153
Acer,153
Acer,153
Acer,153
Acer,153
Acer,153
Acer,167
Acer,167
Acer,167
Acer,167
Acer,167
Acer,167
Acer,167
Acer,167
Acer,167
Acer,167
Acer,177
Acer,177
Acer,177
Acer,177
Acer,177
Acer,177
Acer,177
Acer,177
Acer,177
Acer,177
Acer,177
Acer,177
Acer,177
Acer,177
Acer,177
Acer,177
Acer,193
Acer,193
Acer,193
Acer,193
Acer,193
Acer,193
Acer,193
Acer,193
Acer,193
Acer,193
Acer,193
Acer,193
Acer,205
Acer,205
Acer,205
Acer,205
Acer,205
Acer,205
Acer,205
Acer,205
Acer,205
Acer,205
Acer,215
Acer,215
Acer,215
Acer,215
Acer,215
Acer,215
Acer,215
Acer,215
Acer,215
Acer,215
Acer,215
Acer,215
Acer,215
Acer,228
Acer,228
Acer,228
Acer,228
Acer,228
Acer,228
Acer,228
Acer,228
Acer,228
Acer,228
Acer,228
Acer,228
Acer,228
Acer,228
Acer,228
Acer,228
Acer,228
Acer,228
Acer,246
Acer,246
Acer,246
Acer,246
Acer,246
Acer,251
Acer,251
Acer,251
Acer,251
Acer,251
Acer,251
Acer,257
Acer,257
Acer,257
Acer,257
Acer,257
Acer,257
Acer,257
Acer,257
Acer,257
Acer,257
Acer,257
Acer,257
Acer,257
Acer,257
Acer,257
Acer,272
Acer,272
Acer,272
Acer,272
Acer,272
Acer,272
Acer,272
Acer,272
Acer,272
Acer,272
Acer,282
Acer,282
Acer,282
Acer,282
Acer,282
Acer,282
Acer,282
Acer,282
Acer,282
Acer,282
Acer,282
Acer,282
Acer,282
Acer,282
Acer,282
Acer,282
Acer,282
Acer,282
Acer,282
Acer,301
Acer,301
Acer,301
Acer,301
Acer,305
Acer,305
Acer,305
Acer,305
Acer,305
Acer,305
Acer,305
Acer,305
Acer,305
Acer,305
Acer,305
Acer,316
Acer,316
Acer,316
Acer,316
Acer,316
Acer,316
Acer,316
Acer,316
Acer,316
Acer,316
Acer,316
Acer,316
Acer,328
Acer,328
Acer,328
Acer,328
Acer,328
Acer,328
Acer,328
Acer,328
Acer,328
Acer,328
Acer,328
Acer,328
Acer,340
Acer,340
Acer,340
Acer,340
Acer,340
Acer,340
Acer,340
Acer,340
Acer,340
Acer,340
Acer,340
Acer,340
Acer,340
Acer,340
Acer,354
Acer,354
Acer,354
Acer,354
Acer,354
Acer,354
Acer,354
Acer,354
Acer,354
Acer,363
Acer,363
Acer,363
Acer,363
Acer,363
Acer,363
Acer,363
Acer,363
Acer,371
Acer,371
Acer,371
Acer,371
Acer,371
Acer,371
Acer,371
Acer,378
Acer,378
Acer,378
Acer,378
Acer,378
Acer,378
Acer,378
Acer,378
Acer,378
Acer,378
Acer,378
Acer,378
Acer,378
Acer,378
Acer,392
Acer,392
Acer,392
Acer,392
Acer,392
Acer,392
Acer,392
Acer,392
Acer,400
Acer,400
Acer,400
Acer,400
Acer,400
Acer,400
Acer,400
Acer,400
Acer,400
Acer,409
Acer,409
Acer,409
Acer,409
Acer,409
Acer,409
Acer,409
Acer,409
Acer,409
Acer,409
Acer,419
Acer,419
Acer,419
Acer,419
Acer,419
Acer,419
Acer,419
Acer,419
Acer,427
Acer,427
Acer,427
Acer,427
Acer,427
Acer,427
Acer,427
Acer,427
Acer,427
Acer,427
Acer,437
Acer,437
Acer,437
Acer,437
Acer,437
Acer,437
Acer,437
Acer,444
Acer,444
Acer,444
Acer,444
Acer,444
Acer,444
Acer,444
Acer,444
Acer,444
Acer,444
Acer,444
Acer,455
Acer,455
Acer,455
Acer,455
Acer,455
Acer,455
Acer,461
Acer,461
Acer,461
Acer,461
Acer,461
Acer,461
Acer,461
Acer,461
Acer,469
Acer,469
Acer,469
Acer,469
Acer,469
Acer,474
Acer,474
Acer,474
Acer,474
Acer,474
Acer,474
Acer,474
Acer,474
Acer,482
Acer,482
Acer,482
Acer,482
Acer,482
Acer,482
Acer,488
Acer,488
Acer,488
Acer,488
Acer,492
Acer,492
Acer,492
Acer,492
Acer,492
Acer,492
Acer,492
Acer,499
Acer,499
Acer,499
Acer,499
Acer,503
Acer,504
Acer,504
Acer,504
Acer,504
Acer,508
Acer,508
Acer,508
Acer,511
Acer,511
Acer,513
Acer,514
Apple,1
Apple,2
Apple,3
Apple,4
Apple,4
Apple,6
Apple,6
Apple,6
Apple,6
Apple,6
Apple,11
Apple,11
Apple,13
Apple,13
Apple,13
Apple,16
Apple,16
Apple,16
Apple,16
Apple,16
Apple,16
Apple,22
Apple,22
Apple,22
Apple,25
Apple,25
Apple,25
Apple,25
Apple,25
Apple,25
Apple,25
Apple,25
Apple,33
Apple,33
Apple,33
Apple,33
Apple,33
Apple,33
Apple,39
Apple,39
Apple,39
Apple,39
Apple,39
Apple,44
Apple,44
Apple,44
Apple,44
Apple,44
Apple,44
Apple,44
Apple,44
Apple,44
Apple,44
Apple,44
Apple,44
Apple,44
Apple,57
Apple,57
Apple,57
Apple,57
Apple,57
Apple,57
Apple,57
Apple,57
Apple,57
Apple,66
Apple,66
Apple,66
Apple,66
Apple,66
Apple,66
Apple,66
Apple,66
Apple,66
Apple,66
Apple,66
Apple,66
Apple,66
Apple,66
Apple,80
Apple,80
Apple,80
Apple,80
Apple,80
Apple,80
Apple,80
Apple,80
Apple,80
Apple,80
Apple,80
Apple,80
Apple,92
Apple,92
Apple,92
Apple,92
Apple,92
Apple,92
Apple,92
Apple,92
Apple,92
Apple,92
Apple,92
Apple,92
Apple,92
Apple,105
Apple,105
Apple,105
Apple,105
Apple,105
Apple,105
Apple,105
Apple,105
Apple,105
Apple,114
Apple,114
Apple,114
Apple,114
Apple,114
Apple,114
Apple,114
Apple,114
Apple,122
Apple,122
Apple,122
Apple,122
Apple,122
Apple,122
Apple,122
Apple,122
Apple,122
Apple,122
Apple,122
Apple,122
Apple,122
Apple,122
Apple,136
Apple,136
Apple,136
Apple,136
Apple,136
Apple,136
Apple,136
Apple,136
Apple,136
Apple,136
Apple,136
Apple,136
Apple,136
Apple,136
Apple,136
Apple,136
Apple,136
Apple,136
Apple,154
Apple,154
Apple,154
Apple,154
Apple,154
Apple,154
Apple,154
Apple,154
Apple,154
Apple,154
Apple,154
Apple,154
Apple,154
Apple,154
Apple,168
Apple,168
Apple,168
Apple,168
Apple,168
Apple,168
Apple,168
Apple,168
Apple,168
Apple,168
Apple,168
Apple,168
Apple,168
Apple,168
Apple,168
Apple,183
Apple,183
Apple,183
Apple,183
Apple,183
Apple,183
Apple,183
Apple,183
Apple,183
Apple,183
Apple,183
Apple,183
Apple,183
Apple,183
Apple,183
Apple,183
Apple,183
Apple,200
Apple,200
Apple,200
Apple,200
Apple,200
Apple,200
Apple,200
Apple,200
Apple,200
Apple,200
Apple,210
Apple,210
Apple,210
Apple,210
Apple,210
Apple,210
Apple,210
Apple,210
Apple,210
Apple,210
Apple,210
Apple,210
Apple,222
Apple,222
Apple,222
Apple,222
Apple,222
Apple,222
Apple,222
Apple,229
Apple,229
Apple,229
Apple,229
Apple,229
Apple,229
Apple,229
Apple,229
Apple,229
Apple,229
Apple,229
Apple,229
Apple,229
Apple,229
Apple,229
Apple,244
Apple,244
Apple,244
Apple,244
Apple,244
Apple,244
Apple,244
Apple,244
Apple,244
Apple,244
Apple,244
Apple,244
Apple,244
Apple,244
Apple,258
Apple,258
Apple,258
Apple,258
Apple,258
Apple,258
Apple,258
Apple,258
Apple,258
Apple,267
Apple,267
Apple,267
Apple,267
Apple,267
Apple,267
Apple,267
Apple,267
Apple,267
Apple,267
Apple,267
Apple,278
Apple,278
Apple,278
Apple,278
Apple,278
Apple,278
Apple,278
Apple,278
Apple,278
Apple,287
Apple,287
Apple,287
Apple,287
Apple,287
Apple,287
Apple,287
Apple,287
Apple,287
Apple,287
Apple,297
Apple,297
Apple,297
Apple,297
Apple,297
Apple,297
Apple,297
Apple,297
Apple,297
Apple,297
Apple,297
Apple,297
Apple,309
Apple,309
Apple,309
Apple,309
Apple,309
Apple,309
Apple,309
Apple,309
Apple,309
Apple,309
Apple,319
Apple,319
Apple,319
Apple,319
Apple,319
Apple,319
Apple,319
Apple,319
Apple,319
Apple,328
Apple,328
Apple,328
Apple,328
Apple,328
Apple,328
Apple,328
Apple,328
Apple,328
Apple,328
Apple,328
Apple,328
Apple,328
Apple,328
Apple,328
Apple,328
Apple,328
Apple,328
Apple,346
Apple,346
Apple,346
Apple,346
Apple,346
Apple,346
Apple,346
Apple,346
Apple,346
Apple,346
Apple,346
Apple,346
Apple,346
Apple,346
Apple,346
Apple,346
Apple,362
Apple,362
Apple,362
Apple,362
Apple,362
Apple,362
Apple,368
Apple,368
Apple,368
Apple,368
Apple,368
Apple,368
Apple,368
Apple,368
Apple,376
Apple,376
Apple,376
Apple,376
Apple,376
Apple,376
Apple,376
Apple,376
Apple,376
Apple,385
Apple,385
Apple,385
Apple,385
Apple,385
Apple,385
Apple,385
Apple,385
Apple,393
Apple,393
Apple,393
Apple,393
Apple,393
Apple,393
Apple,393
Apple,393
Apple,393
Apple,393
Apple,393
Apple,393
Apple,393
Apple,406
Apple,406
Apple,406
Apple,406
Apple,410
Apple,410
Apple,410
Apple,410
Apple,410
Apple,410
Apple,410
Apple,410
Apple,418
Apple,418
Apple,418
Apple,418
Apple,418
Apple,418
Apple,418
Apple,418
Apple,418
Apple,418
Apple,418
Apple,418
Apple,418
Apple,418
Apple,418
Apple,433
Apple,433
Apple,433
Apple,433
Apple,433
Apple,433
Apple,433
Apple,433
Apple,441
Apple,441
Apple,441
Apple,441
Apple,441
Apple,441
Apple,447
Apple,447
Apple,447
Apple,447
Apple,447
Apple,447
Apple,447
Apple,447
Apple,447
Apple,456
Apple,456
Apple,456
Apple,456
Apple,456
Apple,456
Apple,456
Apple,456
Apple,464
Apple,464
Apple,464
Apple,464
Apple,464
Apple,464
Apple,470
Apple,470
Apple,472
Apple,472
Apple,474
Apple,474
Apple,474
Apple,474
Apple,474
Apple,474
Apple,474
Apple,481
Apple,481
Apple,483
Apple,484
Apple,484
Apple,484
Apple,487
Apple,487
Apple,487
Apple,487
Apple,491
Apple,491
Apple,491
Apple,491
Apple,491
Apple,496
Apple,497
Apple,497
Apple,499
Apple,500
asus,1
asus,2
asus,2
asus,4
asus,4
asus,6
asus,7
asus,8
asus,8
asus,10
asus,10
asus,12
asus,12
asus,12
asus,12
asus,12
asus,12
asus,12
asus,19
asus,19
asus,19
asus,22
asus,22
asus,22
asus,22
asus,22
asus,27
asus,27
asus,27
asus,27
asus,27
asus,32
asus,32
asus,32
asus,32
asus,32
asus,32
asus,32
asus,32
asus,32
asus,41
asus,41
asus,41
asus,41
asus,41
asus,41
asus,41
asus,41
asus,41
asus,41
asus,41
asus,52
asus,52
asus,52
asus,52
asus,52
asus,52
asus,52
asus,52
asus,52
asus,52
asus,52
asus,63
asus,63
asus,63
asus,63
asus,63
asus,63
asus,63
asus,63
asus,63
asus,63
asus,63
asus,63
asus,63
asus,63
asus,77
asus,77
asus,77
asus,77
asus,77
asus,77
asus,77
asus,77
asus,77
asus,77
asus,77
asus,77
asus,89
asus,89
asus,89
asus,89
asus,89
asus,89
asus,89
asus,89
asus,89
asus,89
asus,89
asus,89
asus,101
asus,101
asus,101
asus,101
asus,101
asus,101
asus,101
asus,101
asus,101
asus,101
asus,101
asus,101
asus,113
asus,113
asus,113
asus,113
asus,113
asus,113
asus,113
asus,113
asus,113
asus,113
asus,113
asus,124
asus,124
asus,124
asus,124
asus,124
asus,124
asus,124
asus,124
asus,124
asus,124
asus,134
asus,134
asus,134
asus,134
asus,134
asus,134
asus,134
asus,141
asus,141
asus,141
asus,141
asus,141
asus,141
asus,141
asus,141
asus,141
asus,141
asus,141
asus,141
asus,141
asus,141
asus,155
asus,155
asus,155
asus,155
asus,155
asus,155
asus,155
asus,155
asus,155
asus,155
asus,155
asus,155
asus,155
asus,155
asus,169
asus,169
asus,169
asus,169
asus,169
asus,169
asus,169
asus,169
asus,169
asus,178
asus,178
asus,178
asus,178
asus,178
asus,178
asus,178
asus,178
asus,178
asus,178
asus,178
asus,189
asus,189
asus,189
asus,189
asus,189
asus,189
asus,189
asus,189
asus,189
asus,189
asus,189
asus,189
asus,189
asus,202
asus,202
asus,202
asus,202
asus,202
asus,202
asus,202
asus,202
asus,202
asus,202
asus,202
asus,202
asus,202
asus,202
asus,202
asus,202
asus,202
asus,202
asus,220
asus,220
asus,220
asus,220
asus,220
asus,220
asus,220
asus,220
asus,220
asus,220
asus,220
asus,231
asus,231
asus,231
asus,231
asus,231
asus,231
asus,231
asus,231
asus,231
asus,231
asus,231
asus,242
asus,242
asus,242
asus,242
asus,242
asus,242
asus,242
asus,242
asus,242
asus,251
asus,251
asus,251
asus,251
asus,251
asus,251
asus,257
asus,257
asus,257
asus,257
asus,257
asus,257
asus,257
asus,257
asus,257
asus,257
asus,257
asus,257
asus,269
asus,269
asus,269
asus,269
asus,269
asus,269
asus,269
asus,269
asus,269
asus,269
asus,279
asus,279
asus,279
asus,279
asus,279
asus,279
asus,279
asus,279
asus,279
asus,279
asus,279
asus,290
asus,290
asus,290
asus,293
asus,293
asus,293
asus,293
asus,293
asus,293
asus,293
asus,300
asus,300
asus,300
asus,300
asus,300
asus,300
asus,300
asus,300
asus,300
asus,309
asus,309
asus,309
asus,309
asus,309
asus,309
asus,309
asus,316
asus,316
asus,316
asus,316
asus,316
asus,316
asus,316
asus,316
asus,324
asus,324
asus,324
asus,324
asus,324
asus,324
asus,324
asus,324
asus,324
asus,333
asus,333
asus,333
asus,333
asus,333
asus,333
asus,333
asus,333
asus,333
asus,333
asus,333
asus,333
asus,345
asus,345
asus,345
asus,345
asus,345
asus,345
asus,351
asus,351
asus,351
asus,351
asus,351
asus,351
asus,351
asus,351
asus,351
asus,351
asus,361
asus,361
asus,361
asus,361
asus,361
asus,361
asus,361
asus,361
asus,361
asus,361
asus,361
asus,361
asus,361
asus,374
asus,374
asus,374
asus,374
asus,374
asus,374
asus,374
asus,374
asus,374
asus,383
asus,383
asus,383
asus,383
asus,383
asus,388
asus,388
asus,388
asus,388
asus,388
asus,388
asus,388
asus,395
asus,395
asus,395
asus,395
asus,395
asus,400
asus,400
asus,400
asus,400
asus,400
asus,400
asus,400
asus,400
asus,408
asus,408
asus,408
asus,408
asus,408
asus,408
asus,408
asus,415
asus,415
asus,415
asus,415
asus,415
asus,415
asus,415
asus,422
asus,422
asus,422
asus,422
asus,422
asus,422
asus,422
asus,422
asus,430
asus,430
asus,432
asus,432
asus,434
asus,434
asus,434
asus,434
asus,434
asus,434
asus,434
asus,441
asus,441
asus,441
asus,444
asus,444
asus,444
asus,447
asus,447
asus,449
asus,449
asus,449
asus,452
asus,452
asus,452
asus,452
asus,452
asus,457
asus,458
Asus,1
Asus,2
Asus,3
Asus,3
Asus,5
Asus,5
Asus,5
Asus,8
Asus,8
Asus,8
Asus,11
Asus,11
Asus,13
Asus,13
Asus,15
Asus,15
Asus,15
Asus,15
Asus,19
Asus,19
Asus,19
Asus,19
Asus,23
Asus,23
Asus,23
Asus,23
Asus,23
Asus,23
Asus,29
Asus,29
Asus,29
Asus,29
Asus,33
Asus,33
Asus,33
Asus,33
Asus,37
Asus,37
Asus,37
Asus,37
Asus,37
Asus,42
Asus,42
Asus,42
Asus,42
Asus,42
Asus,42
Asus,42
Asus,42
Asus,42
Asus,42
Asus,42
Asus,42
Asus,42
Asus,42
Asus,42
Asus,57
Asus,57
Asus,57
Asus,57
Asus,57
Asus,57
Asus,57
Asus,57
Asus,57
Asus,66
Asus,67
Asus,67
Asus,67
Asus,67
Asus,67
Asus,67
Asus,67
Asus,67
Asus,67
Asus,67
Asus,67
Asus,78
Asus,78
Asus,78
Asus,78
Asus,78
Asus,78
Asus,78
Asus,78
Asus,78
Asus,87
Asus,87
Asus,87
Asus,87
Asus,87
Asus,87
Asus,87
Asus,87
Asus,95
Asus,95
Asus,95
Asus,95
Asus,95
Asus,95
Asus,95
Asus,95
Asus,95
Asus,95
Asus,95
Asus,95
Asus,95
Asus,95
Asus,95
Asus,110
Asus,110
Asus,110
Asus,110
Asus,110
Asus,110
Asus,116
Asus,116
Asus,116
Asus,116
Asus,116
Asus,116
Asus,116
Asus,123
Asus,123
Asus,123
Asus,123
Asus,123
Asus,123
Asus,123
Asus,123
Asus,123
Asus,123
Asus,123
Asus,123
Asus,123
Asus,136
Asus,136
Asus,136
Asus,136
Asus,136
Asus,136
Asus,136
Asus,136
Asus,136
Asus,136
Asus,146
Asus,146
Asus,146
Asus,149
Asus,149
Asus,149
Asus,149
Asus,149
Asus,149
Asus,149
Asus,149
Asus,149
Asus,149
Asus,149
Asus,149
Asus,161
Asus,161
Asus,161
Asus,161
Asus,161
Asus,161
Asus,167
Asus,167
Asus,167
Asus,167
Asus,167
Asus,167
Asus,167
Asus,167
Asus,167
Asus,167
Asus,167
Asus,178
Asus,178
Asus,178
Asus,178
Asus,178
Asus,178
Asus,178
Asus,178
Asus,178
Asus,187
Asus,187
Asus,187
Asus,187
Asus,187
Asus,187
Asus,187
Asus,187
Asus,187
Asus,187
Asus,187
Asus,187
Asus,199
Asus,199
Asus,199
Asus,199
Asus,199
Asus,199
Asus,199
Asus,199
Asus,199
Asus,199
Asus,199
Asus,199
Asus,199
Asus,212
Asus,212
Asus,212
Asus,212
Asus,212
Asus,212
Asus,212
Asus,212
Asus,220
Asus,220
Asus,220
Asus,220
Asus,220
Asus,220
Asus,226
Asus,226
Asus,226
Asus,226
Asus,226
Asus,226
Asus,226
Asus,226
Asus,226
Asus,226
Asus,226
Asus,226
Asus,226
Asus,226
Asus,226
Asus,241
Asus,241
Asus,241
Asus,241
Asus,241
Asus,241
Asus,241
Asus,241
Asus,241
Asus,241
Asus,241
Asus,241
Asus,241
Asus,241
Asus,255
Asus,255
Asus,255
Asus,255
Asus,255
Asus,255
Asus,255
Asus,255
Asus,255
Asus,264
Asus,264
Asus,264
Asus,264
Asus,264
Asus,264
Asus,264
Asus,271
Asus,271
Asus,271
Asus,271
Asus,271
Asus,271
Asus,271
Asus,271
Asus,271
Asus,271
Asus,271
Asus,271
Asus,271
Asus,271
Asus,271
Asus,271
Asus,287
Asus,287
Asus,287
Asus,287
Asus,287
Asus,287
Asus,287
Asus,287
Asus,287
Asus,287
Asus,297
Asus,297
Asus,297
Asus,297
Asus,297
Asus,297
Asus,297
Asus,297
Asus,297
Asus,297
Asus,297
Asus,297
Asus,297
Asus,297
Asus,311
Asus,311
Asus,311
Asus,311
Asus,311
Asus,311
Asus,311
Asus,311
Asus,311
Asus,311
Asus,311
Asus,311
Asus,311
Asus,311
Asus,325
Asus,325
Asus,325
Asus,325
Asus,325
Asus,325
Asus,325
Asus,325
Asus,325
Asus,325
Asus,325
Asus,325
Asus,325
Asus,325
Asus,325
Asus,325
Asus,341
Asus,341
Asus,341
Asus,341
Asus,341
Asus,341
Asus,341
Asus,341
Asus,341
Asus,341
Asus,341
Asus,341
Asus,341
Asus,341
Asus,355
Asus,355
Asus,355
Asus,355
Asus,355
Asus,355
Asus,355
Asus,355
Asus,355
Asus,355
Asus,355
Asus,355
Asus,355
Asus,355
Asus,355
Asus,370
Asus,370
Asus,370
Asus,370
Asus,370
Asus,370
Asus,370
Asus,377
Asus,377
Asus,377
Asus,377
Asus,377
Asus,377
Asus,377
Asus,377
Asus,377
Asus,377
Asus,377
Asus,377
Asus,389
Asus,389
Asus,389
Asus,389
Asus,389
Asus,389
Asus,389
Asus,389
Asus,389
Asus,389
Asus,389
Asus,389
Asus,401
Asus,401
Asus,401
Asus,401
Asus,401
Asus,401
Asus,401
Asus,401
Asus,401
Asus,410
Asus,410
Asus,410
Asus,410
Asus,414
Asus,414
Asus,414
Asus,414
Asus,418
Asus,418
Asus,418
Asus,418
Asus,418
Asus,418
Asus,418
Asus,425
Asus,425
Asus,425
Asus,425
Asus,425
Asus,430
Asus,430
Asus,430
Asus,430
Asus,430
Asus,430
Asus,430
Asus,437
Asus,437
Asus,437
Asus,437
Asus,437
Asus,437
Asus,443
Asus,443
Asus,443
Asus,443
Asus,443
Asus,443
Asus,443
Asus,443
Asus,443
Asus,452
Asus,452
Asus,452
Asus,452
Asus,452
Asus,452
Asus,452
Asus,452
Asus,460
Asus,460
Asus,460
Asus,460
Asus,464
Asus,464
Asus,464
Asus,467
Asus,467
Asus,467
Asus,470
Asus,470
Asus,472
Asus,472
Asus,474
Asus,474
Asus,476
Asus,476
Asus,478
Asus,479
Asus,479
Asus,481
Dell,1
Dell,2
Dell,2
Dell,4
Dell,4
Dell,4
Dell,4
Dell,8
Dell,8
Dell,8
Dell,8
Dell,12
Dell,12
Dell,12
Dell,12
Dell,12
Dell,17
Dell,17
Dell,19
Dell,19
Dell,19
Dell,19
Dell,19
Dell,24
Dell,24
Dell,24
Dell,24
Dell,28
Dell,28
Dell,28
Dell,28
Dell,28
Dell,28
Dell,28
Dell,35
Dell,35
Dell,35
Dell,38
Dell,38
Dell,38
Dell,38
Dell,38
Dell,43
Dell,43
Dell,43
Dell,43
Dell,43
Dell,43
Dell,43
Dell,43
Dell,43
Dell,52
Dell,52
Dell,52
Dell,52
Dell,52
Dell,52
Dell,52
Dell,59
Dell,59
Dell,59
Dell,59
Dell,59
Dell,59
Dell,59
Dell,59
Dell,59
Dell,59
Dell,69
Dell,69
Dell,69
Dell,69
Dell,69
Dell,69
Dell,69
Dell,69
Dell,69
Dell,69
Dell,79
Dell,79
Dell,79
Dell,79
Dell,79
Dell,79
Dell,79
Dell,79
Dell,79
Dell,88
Dell,88
Dell,88
Dell,88
Dell,88
Dell,88
Dell,94
Dell,94
Dell,94
Dell,94
Dell,94
Dell,94
Dell,94
Dell,94
Dell,94
Dell,94
Dell,94
Dell,94
Dell,94
Dell,107
Dell,107
Dell,107
Dell,107
Dell,107
Dell,107
Dell,107
Dell,107
Dell,107
Dell,107
Dell,107
Dell,107
Dell,107
Dell,107
Dell,107
Dell,107
Dell,107
Dell,107
Dell,107
Dell,126
Dell,126
Dell,126
Dell,126
Dell,126
Dell,126
Dell,126
Dell,126
Dell,126
Dell,126
Dell,126
Dell,126
Dell,126
Dell,126
Dell,140
Dell,140
Dell,140
Dell,140
Dell,140
Dell,140
Dell,140
Dell,140
Dell,140
Dell,140
Dell,140
Dell,151
Dell,151
Dell,151
Dell,151
Dell,151
Dell,151
Dell,157
Dell,157
Dell,157
Dell,157
Dell,157
Dell,157
Dell,157
Dell,157
Dell,157
Dell,157
Dell,157
Dell,157
Dell,157
Dell,157
Dell,157
Dell,157
Dell,157
Dell,174
Dell,174
Dell,174
Dell,174
Dell,174
Dell,179
Dell,179
Dell,179
Dell,179
Dell,179
Dell,179
Dell,179
Dell,179
Dell,179
Dell,179
Dell,179
Dell,190
Dell,190
Dell,190
Dell,190
Dell,190
Dell,190
Dell,190
Dell,190
Dell,190
Dell,190
Dell,190
Dell,190
Dell,190
Dell,190
Dell,204
Dell,204
Dell,204
Dell,204
Dell,204
Dell,204
Dell,204
Dell,204
Dell,204
Dell,204
Dell,204
Dell,204
Dell,204
Dell,204
Dell,204
Dell,204
Dell,204
Dell,221
Dell,221
Dell,221
Dell,221
Dell,221
Dell,221
Dell,221
Dell,221
Dell,221
Dell,221
Dell,221
Dell,232
Dell,232
Dell,232
Dell,232
Dell,232
Dell,232
Dell,232
Dell,232
Dell,232
Dell,232
Dell,232
Dell,232
Dell,232
Dell,232
Dell,232
Dell,232
Dell,232
Dell,249
Dell,249
Dell,249
Dell,249
Dell,249
Dell,249
Dell,249
Dell,249
Dell,249
Dell,249
Dell,259
Dell,259
Dell,259
Dell,259
Dell,259
Dell,259
Dell,259
Dell,266
Dell,266
Dell,266
Dell,266
Dell,266
Dell,266
Dell,266
Dell,266
Dell,266
Dell,266
Dell,266
Dell,266
Dell,266
Dell,266
Dell,266
Dell,266
Dell,266
Dell,283
Dell,283
Dell,283
Dell,283
Dell,283
Dell,283
Dell,283
Dell,283
Dell,283
Dell,283
Dell,283
Dell,283
Dell,283
Dell,283
Dell,297
Dell,297
Dell,297
Dell,297
Dell,297
Dell,297
Dell,297
Dell,297
Dell,297
Dell,297
Dell,307
Dell,307
Dell,307
Dell,307
Dell,311
Dell,311
Dell,311
Dell,311
Dell,311
Dell,311
Dell,311
Dell,311
Dell,319
Dell,319
Dell,319
Dell,319
Dell,319
Dell,319
Dell,325
Dell,325
Dell,325
Dell,325
Dell,325
Dell,325
Dell,325
Dell,325
Dell,333
Dell,333
Dell,333
Dell,333
Dell,333
Dell,333
Dell,333
Dell,333
Dell,333
Dell,333
Dell,343
Dell,343
Dell,343
Dell,343
Dell,343
Dell,343
Dell,343
Dell,343
Dell,343
Dell,352
Dell,352
Dell,352
Dell,352
Dell,352
Dell,352
Dell,352
Dell,352
Dell,352
Dell,361
Dell,361
Dell,361
Dell,361
Dell,361
Dell,361
Dell,361
Dell,361
Dell,361
Dell,361
Dell,371
Dell,371
Dell,371
Dell,371
Dell,371
Dell,371
Dell,371
Dell,371
Dell,379
Dell,379
Dell,379
Dell,379
Dell,379
Dell,379
Dell,379
Dell,379
Dell,379
Dell,379
Dell,379
Dell,390
Dell,390
Dell,390
Dell,390
Dell,390
Dell,390
Dell,390
Dell,390
Dell,390
Dell,399
Dell,399
Dell,399
Dell,399
Dell,399
Dell,399
Dell,399
Dell,406
Dell,406
Dell,406
Dell,406
Dell,406
Dell,406
Dell,406
Dell,406
Dell,406
Dell,406
Dell,416
Dell,416
Dell,416
Dell,416
Dell,416
Dell,416
Dell,416
Dell,416
Dell,416
Dell,416
Dell,416
Dell,416
Dell,416
Dell,429
Dell,429
Dell,429
Dell,429
Dell,429
Dell,429
Dell,429
Dell,429
Dell,429
Dell,429
Dell,439
Dell,439
Dell,439
Dell,439
Dell,439
Dell,439
Dell,445
Dell,445
Dell,445
Dell,445
Dell,445
Dell,445
Dell,451
Dell,451
Dell,451
Dell,451
Dell,455
Dell,455
Dell,455
Dell,455
Dell,455
Dell,455
Dell,455
Dell,455
Dell,455
Dell,455
Dell,455
Dell,466
Dell,466
Dell,466
Dell,466
Dell,466
Dell,466
Dell,466
Dell,473
Dell,473
Dell,473
Dell,473
Dell,473
Dell,473
Dell,479
Dell,480
Dell,480
Dell,480
Dell,480
Dell,480
Dell,485
Dell,486
Dell,486
Dell,486
Dell,486
Dell,490
Dell,490
Dell,492
Dell,493
Dell,494
Dell,494
Dell,494
Dell,494
Dell,498
DELL,1
DELL,2
DELL,3
DELL,4
DELL,4
DELL,6
DELL,7
DELL,8
DELL,9
DELL,9
DELL,9
DELL,9
DELL,13
DELL,13
DELL,15
DELL,15
DELL,15
DELL,15
DELL,15
DELL,20
DELL,20
DELL,22
DELL,22
DELL,22
DELL,25
DELL,25
DELL,25
DELL,25
DELL,29
DELL,29
DELL,29
DELL,29
DELL,29
DELL,29
DELL,29
DELL,36
DELL,36
DELL,36
DELL,36
DELL,36
DELL,36
DELL,36
DELL,36
DELL,36
DELL,36
DELL,36
DELL,47
DELL,47
DELL,47
DELL,47
DELL,47
DELL,47
DELL,47
DELL,47
DELL,55
DELL,55
DELL,55
DELL,55
DELL,55
DELL,55
DELL,55
DELL,55
DELL,55
DELL,55
DELL,55
DELL,55
DELL,55
DELL,55
DELL,69
DELL,69
DELL,69
DELL,69
DELL,69
DELL,69
DELL,75
DELL,75
DELL,75
DELL,75
DELL,75
DELL,75
DELL,75
DELL,75
DELL,83
DELL,83
DELL,83
DELL,83
DELL,83
DELL,83
DELL,83
DELL,83
DELL,83
DELL,83
DELL,83
DELL,94
DELL,94
DELL,94
DELL,94
DELL,94
DELL,94
DELL,94
DELL,94
DELL,94
DELL,94
DELL,104
DELL,104
DELL,104
DELL,104
DELL,104
DELL,104
DELL,104
DELL,104
DELL,104
DELL,113
DELL,113
DELL,113
DELL,113
DELL,113
DELL,113
DELL,113
DELL,113
DELL,113
DELL,113
DELL,113
DELL,124
DELL,124
DELL,124
DELL,124
DELL,124
DELL,124
DELL,124
DELL,131
DELL,131
DELL,131
DELL,131
DELL,131
DELL,131
DELL,131
DELL,131
DELL,131
DELL,131
DELL,131
DELL,131
DELL,143
DELL,143
DELL,143
DELL,143
DELL,143
DELL,143
DELL,143
DELL,143
DELL,143
DELL,143
DELL,153
DELL,153
DELL,153
DELL,153
DELL,153
DELL,153
DELL,153
DELL,153
DELL,161
DELL,161
DELL,161
DELL,161
DELL,161
DELL,161
DELL,161
DELL,161
DELL,161
DELL,161
DELL,161
DELL,161
DELL,161
DELL,161
DELL,161
DELL,176
DELL,176
DELL,176
DELL,176
DELL,176
DELL,176
DELL,176
DELL,176
DELL,176
DELL,185
DELL,185
DELL,185
DELL,185
DELL,185
DELL,185
DELL,185
DELL,185
DELL,185
DELL,185
DELL,185
DELL,185
DELL,197
DELL,197
DELL,197
DELL,197
DELL,197
DELL,197
DELL,197
DELL,197
DELL,197
DELL,197
DELL,197
DELL,197
DELL,197
DELL,197
DELL,197
DELL,197
DELL,197
DELL,197
DELL,215
DELL,215
DELL,215
DELL,215
DELL,215
DELL,215
DELL,215
DELL,215
DELL,223
DELL,223
DELL,223
DELL,223
DELL,223
DELL,223
DELL,223
DELL,223
DELL,223
DELL,223
DELL,223
DELL,234
DELL,234
DELL,234
DELL,234
DELL,234
DELL,234
DELL,234
DELL,241
DELL,241
DELL,241
DELL,241
DELL,241
DELL,241
DELL,241
DELL,241
DELL,241
DELL,250
DELL,250
DELL,250
DELL,250
DELL,250
DELL,250
DELL,250
DELL,250
DELL,258
DELL,258
DELL,258
DELL,258
DELL,258
DELL,258
DELL,258
DELL,258
DELL,258
DELL,267
DELL,267
DELL,267
DELL,267
DELL,267
DELL,267
DELL,267
DELL,267
DELL,267
DELL,267
DELL,267
DELL,267
DELL,279
DELL,279
DELL,279
DELL,279
DELL,279
DELL,279
DELL,279
DELL,279
DELL,279
DELL,279
DELL,279
DELL,279
DELL,279
DELL,279
DELL,279
DELL,279
DELL,295
DELL,295
DELL,295
DELL,295
DELL,295
DELL,295
DELL,295
DELL,295
DELL,295
DELL,295
DELL,305
DELL,305
DELL,305
DELL,305
DELL,305
DELL,305
DELL,305
DELL,305
DELL,305
DELL,314
DELL,314
DELL,314
DELL,314
DELL,314
DELL,314
DELL,314
DELL,314
DELL,314
DELL,314
DELL,314
DELL,314
DELL,314
DELL,314
DELL,314
DELL,329
DELL,329
DELL,329
DELL,329
DELL,329
DELL,329
DELL,329
DELL,329
DELL,329
DELL,329
DELL,329
DELL,329
DELL,329
DELL,329
DELL,329
DELL,329
DELL,329
DELL,346
DELL,346
DELL,346
DELL,346
DELL,346
DELL,346
DELL,346
DELL,346
DELL,354
DELL,354
DELL,354
DELL,354
DELL,354
DELL,354
DELL,354
DELL,354
DELL,354
DELL,354
DELL,354
DELL,354
DELL,354
DELL,354
DELL,368
DELL,368
DELL,368
DELL,368
DELL,368
DELL,368
DELL,368
DELL,368
DELL,376
DELL,376
DELL,376
DELL,376
DELL,376
DELL,376
DELL,376
DELL,376
DELL,376
DELL,376
DELL,376
DELL,376
DELL,376
DELL,376
DELL,390
DELL,390
DELL,390
DELL,390
DELL,390
DELL,390
DELL,390
DELL,390
DELL,398
DELL,398
DELL,398
DELL,398
DELL,398
DELL,403
DELL,403
DELL,403
DELL,403
DELL,403
DELL,403
DELL,409
DELL,409
DELL,409
DELL,409
DELL,409
DELL,409
DELL,409
DELL,409
DELL,409
DELL,409
DELL,409
DELL,409
DELL,409
DELL,409
DELL,423
DELL,423
DELL,423
DELL,423
DELL,423
DELL,423
DELL,423
DELL,430
DELL,430
DELL,430
DELL,430
DELL,434
DELL,434
DELL,434
DELL,434
DELL,434
DELL,434
DELL,434
DELL,434
DELL,434
DELL,443
DELL,443
DELL,443
DELL,443
DELL,443
DELL,443
DELL,443
DELL,443
DELL,443
DELL,452
DELL,452
DELL,452
DELL,452
DELL,452
DELL,452
DELL,458
DELL,458
DELL,458
DELL,458
DELL,458
DELL,458
DELL,464
DELL,464
DELL,464
DELL,464
DELL,468
DELL,468
DELL,468
DELL,468
DELL,468
DELL,468
DELL,474
DELL,475
DELL,475
DELL,475
DELL,478
DELL,478
DELL,478
DELL,478
DELL,482
DELL,482
DELL,482
DELL,485
DELL,485
DELL,487
DELL,488
DELL,489
DELL,489
DELL,491
DELL,491
DELL,493
DELL,494
hp,1
hp,2
hp,3
hp,3
hp,5
hp,6
hp,6
hp,6
hp,9
hp,9
hp,9
hp,12
hp,12
hp,12
hp,12
hp,12
hp,12
hp,12
hp,12
hp,12
hp,21
hp,21
hp,21
hp,21
hp,21
hp,26
hp,26
hp,26
hp,26
hp,26
hp,31
hp,31
hp,31
hp,31
hp,31
hp,31
hp,31
hp,31
hp,39
hp,39
hp,39
hp,39
hp,39
hp,39
hp,39
hp,39
hp,39
hp,39
hp,39
hp,39
hp,51
hp,51
hp,51
hp,51
hp,55
hp,55
hp,55
hp,55
hp,55
hp,55
hp,55
hp,55
hp,63
hp,63
hp,63
hp,63
hp,63
hp,63
hp,63
hp,63
hp,63
hp,63
hp,63
hp,74
hp,74
hp,74
hp,74
hp,74
hp,74
hp,74
hp,74
hp,74
hp,74
hp,74
hp,74
hp,74
hp,87
hp,87
hp,87
hp,87
hp,91
hp,91
hp,91
hp,91
hp,91
hp,91
hp,91
hp,91
hp,91
hp,91
hp,91
hp,91
hp,91
hp,104
hp,104
hp,104
hp,104
hp,104
hp,104
hp,104
hp,104
hp,104
hp,104
hp,104
hp,104
hp,104
hp,104
hp,104
hp,104
hp,104
hp,121
hp,121
hp,121
hp,121
hp,121
hp,121
hp,121
hp,121
hp,121
hp,121
hp,121
hp,121
hp,133
hp,133
hp,133
hp,133
hp,133
hp,133
hp,133
hp,133
hp,133
hp,133
hp,133
hp,133
hp,145
hp,145
hp,145
hp,145
hp,145
hp,145
hp,145
hp,145
hp,145
hp,154
hp,154
hp,154
hp,154
hp,154
hp,154
hp,154
hp,161
hp,161
hp,161
hp,161
hp,161
hp,161
hp,161
hp,161
hp,161
hp,170
hp,170
hp,170
hp,170
hp,170
hp,170
hp,170
hp,170
hp,170
hp,170
hp,170
hp,170
hp,170
hp,170
hp,170
hp,170
hp,170
hp,187
hp,187
hp,187
hp,187
hp,187
hp,187
hp,187
hp,187
hp,187
hp,187
hp,187
hp,187
hp,187
hp,187
hp,201
hp,201
hp,201
hp,201
hp,201
hp,201
hp,201
hp,201
hp,201
hp,201
hp,201
hp,201
hp,213
hp,213
hp,213
hp,213
hp,213
hp,213
hp,213
hp,213
hp,213
hp,222
hp,222
hp,222
hp,222
hp,222
hp,222
hp,222
hp,222
hp,222
hp,222
hp,222
hp,222
hp,222
hp,235
hp,235
hp,235
hp,235
hp,235
hp,235
hp,235
hp,235
hp,235
hp,235
hp,235
hp,235
hp,235
hp,235
hp,235
hp,235
hp,235
hp,235
hp,253
hp,253
hp,253
hp,253
hp,253
hp,253
hp,253
hp,253
hp,253
hp,253
hp,263
hp,263
hp,263
hp,263
hp,263
hp,263
hp,263
hp,263
hp,263
hp,263
hp,273
hp,273
hp,273
hp,273
hp,273
hp,273
hp,273
hp,280
hp,280
hp,280
hp,280
hp,280
hp,280
hp,280
hp,280
hp,280
hp,280
hp,280
hp,280
hp,280
hp,280
hp,294
hp,294
hp,294
hp,294
hp,294
hp,294
hp,294
hp,301
hp,301
hp,301
hp,301
hp,301
hp,301
hp,301
hp,308
hp,308
hp,308
hp,308
hp,308
hp,308
hp,308
hp,308
hp,308
hp,308
hp,308
hp,308
hp,308
hp,308
hp,308
hp,323
hp,323
hp,323
hp,323
hp,323
hp,323
hp,323
hp,323
hp,331
hp,331
hp,331
hp,331
hp,331
hp,331
hp,331
hp,338
hp,338
hp,338
hp,338
hp,338
hp,338
hp,338
hp,338
hp,338
hp,338
hp,338
hp,349
hp,349
hp,349
hp,349
hp,349
hp,349
hp,349
hp,349
hp,349
hp,349
hp,359
hp,359
hp,359
hp,359
hp,359
hp,359
hp,359
hp,359
hp,359
hp,368
hp,368
hp,368
hp,368
hp,368
hp,368
hp,368
hp,375
hp,375
hp,375
hp,375
hp,375
hp,375
hp,375
hp,375
hp,375
hp,375
hp,375
hp,375
hp,375
hp,375
hp,389
hp,389
hp,389
hp,389
hp,389
hp,389
hp,389
hp,396
hp,396
hp,396
hp,396
hp,396
hp,396
hp,396
hp,396
hp,396
hp,396
hp,396
hp,396
hp,408
hp,408
hp,408
hp,408
hp,408
hp,408
hp,414
hp,414
hp,414
hp,414
hp,414
hp,414
hp,414
hp,414
hp,414
hp,423
hp,423
hp,423
hp,423
hp,423
hp,423
hp,423
hp,423
hp,423
hp,423
hp,433
hp,433
hp,433
hp,433
hp,433
hp,433
hp,433
hp,433
hp,433
hp,433
hp,443
hp,443
hp,443
hp,443
hp,443
hp,443
hp,443
hp,450
hp,450
hp,450
hp,450
hp,450
hp,450
hp,450
hp,457
hp,457
hp,457
hp,457
hp,457
hp,457
hp,457
hp,457
hp,465
hp,465
hp,465
hp,465
hp,465
hp,470
hp,470
hp,470
hp,470
hp,470
hp,470
hp,470
hp,470
hp,470
hp,479
hp,479
hp,481
hp,481
hp,481
hp,481
hp,485
hp,485
hp,485
hp,485
hp,489
hp,490
hp,491
hp,491
hp,493
hp,493
hp,495
hp,495
hp,495
hp,498
hp,499
hp,500
HP,1
HP,2
HP,2
HP,2
HP,5
HP,5
HP,7
HP,7
HP,7
HP,10
HP,10
HP,10
HP,10
HP,10
HP,10
HP,10
HP,10
HP,18
HP,18
HP,18
HP,18
HP,18
HP,18
HP,18
HP,18
HP,18
HP,18
HP,18
HP,29
HP,29
HP,29
HP,29
HP,29
HP,29
HP,29
HP,29
HP,29
HP,38
HP,38
HP,38
HP,38
HP,38
HP,38
HP,38
HP,38
HP,38
HP,47
HP,47
HP,47
HP,47
HP,47
HP,47
HP,47
HP,47
HP,47
HP,56
HP,56
HP,56
HP,56
HP,56
HP,56
HP,56
HP,56
HP,56
HP,56
HP,56
HP,56
HP,56
HP,56
HP,56
HP,71
HP,71
HP,71
HP,71
HP,71
HP,71
HP,71
HP,71
HP,71
HP,71
HP,71
HP,71
HP,71
HP,71
HP,71
HP,71
HP,87
HP,87
HP,87
HP,87
HP,87
HP,87
HP,87
HP,87
HP,87
HP,87
HP,87
HP,87
HP,99
HP,99
HP,99
HP,99
HP,103
HP,103
HP,103
HP,103
HP,103
HP,103
HP,103
HP,103
HP,103
HP,103
HP,103
HP,103
HP,103
HP,103
HP,103
HP,103
HP,119
HP,119
HP,119
HP,119
HP,119
HP,119
HP,119
HP,119
HP,119
HP,119
HP,119
HP,119
HP,131
HP,131
HP,131
HP,131
HP,131
HP,131
HP,131
HP,131
HP,131
HP,131
HP,141
HP,141
HP,141
HP,141
HP,141
HP,141
HP,141
HP,141
HP,149
HP,149
HP,149
HP,149
HP,149
HP,149
HP,149
HP,149
HP,149
HP,158
HP,158
HP,158
HP,158
HP,158
HP,158
HP,158
HP,158
HP,158
HP,158
HP,158
HP,169
HP,169
HP,169
HP,169
HP,169
HP,169
HP,175
HP,175
HP,175
HP,175
HP,175
HP,175
HP,175
HP,175
HP,175
HP,184
HP,184
HP,184
HP,184
HP,184
HP,184
HP,184
HP,184
HP,184
HP,184
HP,184
HP,184
HP,184
HP,184
HP,198
HP,198
HP,198
HP,198
HP,198
HP,198
HP,198
HP,198
HP,198
HP,198
HP,198
HP,198
HP,198
HP,198
HP,212
HP,212
HP,212
HP,212
HP,212
HP,212
HP,212
HP,212
HP,212
HP,212
HP,212
HP,223
HP,223
HP,223
HP,223
HP,223
HP,223
HP,223
HP,223
HP,223
HP,223
HP,223
HP,223
HP,235
HP,235
HP,235
HP,235
HP,235
HP,235
HP,235
HP,235
HP,235
HP,235
HP,235
HP,235
HP,247
HP,247
HP,247
HP,247
HP,247
HP,247
HP,247
HP,247
HP,247
HP,247
HP,247
HP,247
HP,247
HP,247
HP,247
HP,247
HP,263
HP,263
HP,263
HP,263
HP,263
HP,263
HP,263
HP,263
HP,263
HP,272
HP,272
HP,272
HP,272
HP,272
HP,272
HP,272
HP,272
HP,272
HP,272
HP,272
HP,272
HP,284
HP,284
HP,284
HP,284
HP,284
HP,284
HP,284
HP,291
HP,291
HP,291
HP,291
HP,291
HP,291
HP,291
HP,291
HP,291
HP,291
HP,291
HP,302
HP,302
HP,302
HP,302
HP,302
HP,302
HP,302
HP,302
HP,302
HP,302
HP,302
HP,302
HP,302
HP,302
HP,302
HP,302
HP,318
HP,318
HP,318
HP,318
HP,318
HP,318
HP,318
HP,318
HP,318
HP,318
HP,318
HP,318
HP,318
HP,331
HP,331
HP,331
HP,331
HP,331
HP,331
HP,337
HP,337
HP,337
HP,337
HP,337
HP,337
HP,337
HP,337
HP,337
HP,337
HP,337
HP,348
HP,348
HP,348
HP,348
HP,348
HP,348
HP,348
HP,348
HP,348
HP,357
HP,357
HP,357
HP,357
HP,357
HP,357
HP,357
HP,357
HP,357
HP,357
HP,357
HP,357
HP,357
HP,357
HP,357
HP,357
HP,357
HP,357
HP,357
HP,376
HP,376
HP,376
HP,376
HP,376
HP,376
HP,382
HP,382
HP,382
HP,382
HP,382
HP,387
HP,387
HP,387
HP,387
HP,387
HP,387
HP,387
HP,387
HP,387
HP,387
HP,387
HP,387
HP,399
HP,399
HP,399
HP,399
HP,399
HP,399
HP,399
HP,399
HP,399
HP,399
HP,399
HP,399
HP,411
HP,411
HP,411
HP,411
HP,411
HP,411
HP,411
HP,411
HP,411
HP,420
HP,420
HP,420
HP,420
HP,424
HP,424
HP,424
HP,424
HP,424
HP,424
HP,424
HP,424
HP,424
HP,424
HP,424
HP,435
HP,435
HP,435
HP,435
HP,435
HP,435
HP,441
HP,441
HP,441
HP,441
HP,441
HP,441
HP,447
HP,447
HP,447
HP,447
HP,447
HP,447
HP,453
HP,453
HP,453
HP,453
HP,457
HP,457
HP,457
HP,457
HP,457
HP,457
HP,457
HP,457
HP,457
HP,457
HP,457
HP,457
HP,457
HP,470
HP,470
HP,470
HP,473
HP,473
HP,473
HP,473
HP,473
HP,473
HP,473
HP,480
HP,480
HP,482
HP,482
HP,482
HP,485
HP,485
HP,485
HP,485
HP,485
HP,485
HP,491
HP,491
HP,491
HP,494
HP,494
HP,494
HP,497
HP,498
HP,498
HP,500
HP,500
HP,500
HP,500
HP,500
HP,500
HP,506
HP,507
Lenovo,1
Lenovo,1
Lenovo,1
Lenovo,4
Lenovo,4
Lenovo,6
Lenovo,7
Lenovo,7
Lenovo,7
Lenovo,7
Lenovo,7
Lenovo,12
Lenovo,13
Lenovo,13
Lenovo,13
Lenovo,16
Lenovo,17
Lenovo,18
Lenovo,18
Lenovo,18
Lenovo,18
Lenovo,18
Lenovo,23
Lenovo,23
Lenovo,23
Lenovo,26
Lenovo,26
Lenovo,26
Lenovo,26
Lenovo,26
Lenovo,26
Lenovo,32
Lenovo,32
Lenovo,32
Lenovo,32
Lenovo,32
Lenovo,32
Lenovo,32
Lenovo,32
Lenovo,32
Lenovo,32
Lenovo,32
Lenovo,32
Lenovo,32
Lenovo,45
Lenovo,45
Lenovo,45
Lenovo,45
Lenovo,45
Lenovo,45
Lenovo,45
Lenovo,45
Lenovo,45
Lenovo,45
Lenovo,55
Lenovo,55
Lenovo,55
Lenovo,55
Lenovo,55
Lenovo,55
Lenovo,55
Lenovo,55
Lenovo,63
Lenovo,63
Lenovo,63
Lenovo,63
Lenovo,63
Lenovo,63
Lenovo,63
Lenovo,63
Lenovo,63
Lenovo,63
Lenovo,73
Lenovo,73
Lenovo,73
Lenovo,73
Lenovo,73
Lenovo,73
Lenovo,73
Lenovo,73
Lenovo,73
Lenovo,73
Lenovo,73
Lenovo,73
Lenovo,73
Lenovo,73
Lenovo,73
Lenovo,73
Lenovo,89
Lenovo,89
Lenovo,89
Lenovo,89
Lenovo,89
Lenovo,89
Lenovo,89
Lenovo,89
Lenovo,97
Lenovo,97
Lenovo,97
Lenovo,97
Lenovo,97
Lenovo,97
Lenovo,97
Lenovo,97
Lenovo,105
Lenovo,105
Lenovo,105
Lenovo,105
Lenovo,105
Lenovo,105
Lenovo,105
Lenovo,112
Lenovo,112
Lenovo,112
Lenovo,112
Lenovo,112
Lenovo,112
Lenovo,112
Lenovo,112
Lenovo,120
Lenovo,120
Lenovo,120
Lenovo,120
Lenovo,120
Lenovo,120
Lenovo,120
Lenovo,120
Lenovo,120
Lenovo,120
Lenovo,120
Lenovo,131
Lenovo,131
Lenovo,131
Lenovo,131
Lenovo,131
Lenovo,131
Lenovo,131
Lenovo,131
Lenovo,131
Lenovo,131
Lenovo,131
Lenovo,131
Lenovo,131
Lenovo,131
Lenovo,131
Lenovo,146
Lenovo,146
Lenovo,146
Lenovo,146
Lenovo,146
Lenovo,146
Lenovo,146
Lenovo,146
Lenovo,146
Lenovo,146
Lenovo,146
Lenovo,146
Lenovo,146
Lenovo,146
Lenovo,160
Lenovo,160
Lenovo,160
Lenovo,160
Lenovo,160
Lenovo,160
Lenovo,160
Lenovo,160
Lenovo,160
Lenovo,160
Lenovo,160
Lenovo,160
Lenovo,160
Lenovo,173
Lenovo,173
Lenovo,173
Lenovo,173
Lenovo,173
Lenovo,173
Lenovo,173
Lenovo,173
Lenovo,173
Lenovo,173
Lenovo,173
Lenovo,173
Lenovo,173
Lenovo,173
Lenovo,187
Lenovo,187
Lenovo,187
Lenovo,187
Lenovo,187
Lenovo,187
Lenovo,187
Lenovo,187
Lenovo,187
Lenovo,187
Lenovo,187
Lenovo,187
Lenovo,187
Lenovo,187
Lenovo,201
Lenovo,201
Lenovo,201
Lenovo,201
Lenovo,201
Lenovo,201
Lenovo,201
Lenovo,201
Lenovo,201
Lenovo,201
Lenovo,201
Lenovo,212
Lenovo,212
Lenovo,212
Lenovo,212
Lenovo,212
Lenovo,212
Lenovo,212
Lenovo,212
Lenovo,212
Lenovo,212
Lenovo,212
Lenovo,212
Lenovo,212
Lenovo,212
Lenovo,212
Lenovo,212
Lenovo,212
Lenovo,212
Lenovo,212
Lenovo,212
Lenovo,212
Lenovo,233
Lenovo,233
Lenovo,233
Lenovo,233
Lenovo,233
Lenovo,238
Lenovo,238
Lenovo,238
Lenovo,238
Lenovo,238
Lenovo,238
Lenovo,238
Lenovo,238
Lenovo,238
Lenovo,238
Lenovo,238
Lenovo,249
Lenovo,249
Lenovo,249
Lenovo,249
Lenovo,249
Lenovo,249
Lenovo,249
Lenovo,249
Lenovo,249
Lenovo,249
Lenovo,249
Lenovo,260
Lenovo,260
Lenovo,260
Lenovo,260
Lenovo,260
Lenovo,260
Lenovo,260
Lenovo,260
Lenovo,268
Lenovo,268
Lenovo,268
Lenovo,268
Lenovo,268
Lenovo,268
Lenovo,268
Lenovo,268
Lenovo,268
Lenovo,268
Lenovo,268
Lenovo,268
Lenovo,268
Lenovo,268
Lenovo,268
Lenovo,268
Lenovo,268
Lenovo,285
Lenovo,285
Lenovo,285
Lenovo,285
Lenovo,285
Lenovo,285
Lenovo,285
Lenovo,285
Lenovo,285
Lenovo,285
Lenovo,285
Lenovo,285
Lenovo,285
Lenovo,285
Lenovo,285
Lenovo,300
Lenovo,300
Lenovo,300
Lenovo,300
Lenovo,300
Lenovo,300
Lenovo,300
Lenovo,300
Lenovo,300
Lenovo,300
Lenovo,300
Lenovo,300
Lenovo,300
Lenovo,313
Lenovo,313
Lenovo,313
Lenovo,313
Lenovo,313
Lenovo,313
Lenovo,313
Lenovo,313
Lenovo,313
Lenovo,322
Lenovo,322
Lenovo,322
Lenovo,322
Lenovo,322
Lenovo,322
Lenovo,322
Lenovo,322
Lenovo,322
Lenovo,322
Lenovo,322
Lenovo,322
Lenovo,334
Lenovo,334
Lenovo,334
Lenovo,334
Lenovo,334
Lenovo,334
Lenovo,334
Lenovo,334
Lenovo,334
Lenovo,334
Lenovo,334
Lenovo,345
Lenovo,345
Lenovo,345
Lenovo,345
Lenovo,345
Lenovo,345
Lenovo,351
Lenovo,351
Lenovo,351
Lenovo,351
Lenovo,351
Lenovo,351
Lenovo,351
Lenovo,351
Lenovo,351
Lenovo,351
Lenovo,361
Lenovo,361
Lenovo,361
Lenovo,361
Lenovo,361
Lenovo,361
Lenovo,361
Lenovo,361
Lenovo,369
Lenovo,369
Lenovo,369
Lenovo,369
Lenovo,369
Lenovo,369
Lenovo,369
Lenovo,376
Lenovo,376
Lenovo,376
Lenovo,376
Lenovo,376
Lenovo,376
Lenovo,376
Lenovo,376
Lenovo,376
Lenovo,376
Lenovo,376
Lenovo,387
Lenovo,387
Lenovo,387
Lenovo,387
Lenovo,387
Lenovo,387
Lenovo,387
Lenovo,387
Lenovo,387
Lenovo,387
Lenovo,387
Lenovo,387
Lenovo,399
Lenovo,399
Lenovo,399
Lenovo,399
Lenovo,399
Lenovo,399
Lenovo,399
Lenovo,399
Lenovo,399
Lenovo,399
Lenovo,399
Lenovo,399
Lenovo,399
Lenovo,399
Lenovo,399
Lenovo,414
Lenovo,414
Lenovo,414
Lenovo,414
Lenovo,414
Lenovo,414
Lenovo,414
Lenovo,414
Lenovo,414
Lenovo,423
Lenovo,423
Lenovo,423
Lenovo,423
Lenovo,423
Lenovo,428
Lenovo,428
Lenovo,428
Lenovo,428
Lenovo,428
Lenovo,433
Lenovo,433
Lenovo,433
Lenovo,433
Lenovo,433
Lenovo,433
Lenovo,439
Lenovo,439
Lenovo,439
Lenovo,439
Lenovo,439
Lenovo,439
Lenovo,439
Lenovo,439
Lenovo,439
Lenovo,439
Lenovo,449
Lenovo,449
Lenovo,449
Lenovo,449
Lenovo,449
Lenovo,449
Lenovo,455
Lenovo,455
Lenovo,455
Lenovo,455
Lenovo,455
Lenovo,460
Lenovo,460
Lenovo,460
Lenovo,460
Lenovo,460
Lenovo,465
Lenovo,465
Lenovo,465
Lenovo,465
Lenovo,465
Lenovo,465
Lenovo,465
Lenovo,465
Lenovo,465
Lenovo,465
Lenovo,465
Lenovo,476
Lenovo,476
Lenovo,476
Lenovo,476
Lenovo,476
Lenovo,476
Lenovo,476
Lenovo,476
Lenovo,484
Lenovo,484
Lenovo,484
Lenovo,484
Lenovo,484
Lenovo,489
Lenovo,489
Lenovo,489
Lenovo,492
Lenovo,492
Lenovo,492
Lenovo,495
Lenovo,495
Lenovo,495
Lenovo,498
Lenovo,498
Lenovo,500
Lenovo,500
Lenovo,502
Lenovo,503
Lenovo,504
Lenovo,504
Lenovo,504
Lenovo,504
Lenovo,508
Microsoft,1
Microsoft,1
Microsoft,3
Microsoft,4
Microsoft,5
Microsoft,5
Microsoft,7
Microsoft,7
Microsoft,9
Microsoft,9
Microsoft,9
Microsoft,12
Microsoft,12
Microsoft,12
Microsoft,15
Microsoft,15
Microsoft,15
Microsoft,18
Microsoft,18
Microsoft,18
Microsoft,18
Microsoft,18
Microsoft,18
Microsoft,18
Microsoft,18
Microsoft,18
Microsoft,18
Microsoft,18
Microsoft,18
Microsoft,18
Microsoft,31
Microsoft,31
Microsoft,31
Microsoft,31
Microsoft,31
Microsoft,31
Microsoft,31
Microsoft,38
Microsoft,38
Microsoft,38
Microsoft,38
Microsoft,38
Microsoft,38
Microsoft,38
Microsoft,38
Microsoft,38
Microsoft,38
Microsoft,48
Microsoft,48
Microsoft,48
Microsoft,48
Microsoft,48
Microsoft,48
Microsoft,48
Microsoft,55
Microsoft,55
Microsoft,55
Microsoft,55
Microsoft,55
Microsoft,55
Microsoft,55
Microsoft,55
Microsoft,55
Microsoft,55
Microsoft,55
Microsoft,66
Microsoft,66
Microsoft,66
Microsoft,66
Microsoft,66
Microsoft,66
Microsoft,66
Microsoft,66
Microsoft,66
Microsoft,66
Microsoft,66
Microsoft,66
Microsoft,66
Microsoft,66
Microsoft,66
Microsoft,81
Microsoft,81
Microsoft,81
Microsoft,81
Microsoft,81
Microsoft,81
Microsoft,81
Microsoft,81
Microsoft,81
Microsoft,81
Microsoft,81
Microsoft,81
Microsoft,81
Microsoft,94
Microsoft,94
Microsoft,94
Microsoft,97
Microsoft,97
Microsoft,97
Microsoft,97
Microsoft,97
Microsoft,97
Microsoft,97
Microsoft,97
Microsoft,105
Microsoft,105
Microsoft,105
Microsoft,105
Microsoft,105
Microsoft,105
Microsoft,105
Microsoft,105
Microsoft,105
Microsoft,105
Microsoft,105
Microsoft,105
Microsoft,105
Microsoft,105
Microsoft,119
Microsoft,119
Microsoft,119
Microsoft,119
Microsoft,119
Microsoft,119
Microsoft,119
Microsoft,119
Microsoft,119
Microsoft,119
Microsoft,119
Microsoft,119
Microsoft,119
Microsoft,119
Microsoft,119
Microsoft,119
Microsoft,135
Microsoft,135
Microsoft,135
Microsoft,135
Microsoft,135
Microsoft,135
Microsoft,135
Microsoft,135
Microsoft,135
Microsoft,135
Microsoft,135
Microsoft,135
Microsoft,135
Microsoft,135
Microsoft,135
Microsoft,135
Microsoft,135
Microsoft,152
Microsoft,152
Microsoft,152
Microsoft,152
Microsoft,152
Microsoft,152
Microsoft,158
Microsoft,158
Microsoft,158
Microsoft,158
Microsoft,158
Microsoft,158
Microsoft,158
Microsoft,158
Microsoft,158
Microsoft,158
Microsoft,168
Microsoft,168
Microsoft,168
Microsoft,168
Microsoft,168
Microsoft,168
Microsoft,168
Microsoft,168
Microsoft,168
Microsoft,168
Microsoft,168
Microsoft,168
Microsoft,168
Microsoft,181
Microsoft,181
Microsoft,181
Microsoft,181
Microsoft,181
Microsoft,181
Microsoft,181
Microsoft,181
Microsoft,181
Microsoft,181
Microsoft,181
Microsoft,181
Microsoft,193
Microsoft,193
Microsoft,193
Microsoft,193
Microsoft,193
Microsoft,193
Microsoft,193
Microsoft,193
Microsoft,193
Microsoft,193
Microsoft,203
Microsoft,203
Microsoft,203
Microsoft,203
Microsoft,203
Microsoft,203
Microsoft,203
Microsoft,203
Microsoft,203
Microsoft,203
Microsoft,203
Microsoft,203
Microsoft,203
Microsoft,203
Microsoft,203
Microsoft,203
Microsoft,203
Microsoft,203
Microsoft,203
Microsoft,203
Microsoft,203
Microsoft,224
Microsoft,224
Microsoft,224
Microsoft,224
Microsoft,224
Microsoft,224
Microsoft,230
Microsoft,230
Microsoft,230
Microsoft,230
Microsoft,230
Microsoft,230
Microsoft,230
Microsoft,230
Microsoft,230
Microsoft,230
Microsoft,240
Microsoft,240
Microsoft,240
Microsoft,240
Microsoft,240
Microsoft,240
Microsoft,240
Microsoft,240
Microsoft,240
Microsoft,240
Microsoft,240
Microsoft,240
Microsoft,252
Microsoft,252
Microsoft,252
Microsoft,252
Microsoft,252
Microsoft,252
Microsoft,252
Microsoft,252
Microsoft,252
Microsoft,252
Microsoft,252
Microsoft,252
Microsoft,252
Microsoft,265
Microsoft,265
Microsoft,265
Microsoft,265
Microsoft,265
Microsoft,265
Microsoft,265
Microsoft,265
Microsoft,265
Microsoft,265
Microsoft,265
Microsoft,276
Microsoft,276
Microsoft,276
Microsoft,276
Microsoft,276
Microsoft,276
Microsoft,276
Microsoft,276
Microsoft,276
Microsoft,276
Microsoft,276
Microsoft,287
Microsoft,287
Microsoft,287
Microsoft,287
Microsoft,287
Microsoft,287
Microsoft,293
Microsoft,293
Microsoft,293
Microsoft,293
Microsoft,293
Microsoft,293
Microsoft,293
Microsoft,293
Microsoft,293
Microsoft,293
Microsoft,293
Microsoft,293
Microsoft,293
Microsoft,293
Microsoft,307
Microsoft,307
Microsoft,307
Microsoft,307
Microsoft,307
Microsoft,307
Microsoft,307
Microsoft,307
Microsoft,307
Microsoft,307
Microsoft,307
Microsoft,307
Microsoft,319
Microsoft,319
Microsoft,319
Microsoft,319
Microsoft,319
Microsoft,319
Microsoft,319
Microsoft,319
Microsoft,319
Microsoft,319
Microsoft,319
Microsoft,319
Microsoft,331
Microsoft,331
Microsoft,331
Microsoft,331
Microsoft,331
Microsoft,331
Microsoft,331
Microsoft,331
Microsoft,331
Microsoft,331
Microsoft,331
Microsoft,331
Microsoft,343
Microsoft,343
Microsoft,343
Microsoft,343
Microsoft,343
Microsoft,343
Microsoft,343
Microsoft,350
Microsoft,350
Microsoft,350
Microsoft,350
Microsoft,350
Microsoft,350
Microsoft,350
Microsoft,350
Microsoft,350
Microsoft,359
Microsoft,359
Microsoft,359
Microsoft,359
Microsoft,359
Microsoft,359
Microsoft,359
Microsoft,359
Microsoft,359
Microsoft,368
Microsoft,368
Microsoft,368
Microsoft,368
Microsoft,368
Microsoft,368
Microsoft,368
Microsoft,368
Microsoft,368
Microsoft,368
Microsoft,368
Microsoft,379
Microsoft,379
Microsoft,379
Microsoft,379
Microsoft,379
Microsoft,379
Microsoft,379
Microsoft,386
Microsoft,386
Microsoft,386
Microsoft,386
Microsoft,386
Microsoft,386
Microsoft,386
Microsoft,386
Microsoft,386
Microsoft,386
Microsoft,396
Microsoft,396
Microsoft,396
Microsoft,396
Microsoft,396
Microsoft,396
Microsoft,396
Microsoft,396
Microsoft,396
Microsoft,405
Microsoft,405
Microsoft,405
Microsoft,405
Microsoft,405
Microsoft,405
Microsoft,405
Microsoft,405
Microsoft,413
Microsoft,413
Microsoft,415
Microsoft,415
Microsoft,415
Microsoft,415
Microsoft,415
Microsoft,415
Microsoft,415
Microsoft,415
Microsoft,415
Microsoft,415
Microsoft,425
Microsoft,425
Microsoft,425
Microsoft,425
Microsoft,425
Microsoft,425
Microsoft,425
Microsoft,425
Microsoft,425
Microsoft,425
Microsoft,425
Microsoft,425
Microsoft,425
Microsoft,425
Microsoft,439
Microsoft,439
Microsoft,439
Microsoft,439
Microsoft,439
Microsoft,439
Microsoft,439
Microsoft,439
Microsoft,439
Microsoft,448
Microsoft,448
Microsoft,448
Microsoft,448
Microsoft,448
Microsoft,448
Microsoft,448
Microsoft,448
Microsoft,448
Microsoft,457
Microsoft,457
Microsoft,457
Microsoft,457
Microsoft,457
Microsoft,457
Microsoft,457
Microsoft,457
Microsoft,457
Microsoft,457
Microsoft,457
Microsoft,457
Microsoft,469
Microsoft,469
Microsoft,469
Microsoft,469
Microsoft,469
Microsoft,469
Microsoft,469
Microsoft,469
Microsoft,477
Microsoft,477
Microsoft,477
Microsoft,477
Microsoft,477
Microsoft,477
Microsoft,477
Microsoft,477
Microsoft,477
Microsoft,486
Microsoft,486
Microsoft,486
Microsoft,486
Microsoft,486
Microsoft,491
Microsoft,491
Microsoft,491
Microsoft,491
Microsoft,495
Microsoft,496
Microsoft,497
Microsoft,498
Microsoft,498
Microsoft,498
Microsoft,501
Microsoft,502
Microsoft,503
Microsoft,504
Microsoft,504
Microsoft,506
MSI,1
MSI,1
MSI,1
MSI,1
MSI,5
MSI,5
MSI,5
MSI,5
MSI,9
MSI,9
MSI,9
MSI,12
MSI,12
MSI,12
MSI,12
MSI,16
MSI,16
MSI,16
MSI,16
MSI,20
MSI,20
MSI,22
MSI,22
MSI,22
MSI,25
MSI,25
MSI,25
MSI,25
MSI,25
MSI,25
MSI,25
MSI,32
MSI,32
MSI,32
MSI,32
MSI,32
MSI,32
MSI,32
MSI,32
MSI,40
MSI,40
MSI,40
MSI,40
MSI,40
MSI,40
MSI,40
MSI,40
MSI,40
MSI,49
MSI,49
MSI,49
MSI,49
MSI,49
MSI,49
MSI,49
MSI,49
MSI,49
MSI,49
MSI,49
MSI,49
MSI,61
MSI,61
MSI,61
MSI,61
MSI,61
MSI,61
MSI,61
MSI,68
MSI,68
MSI,68
MSI,68
MSI,68
MSI,68
MSI,68
MSI,68
MSI,68
MSI,68
MSI,68
MSI,68
MSI,68
MSI,68
MSI,82
MSI,82
MSI,82
MSI,82
MSI,82
MSI,82
MSI,82
MSI,82
MSI,82
MSI,91
MSI,91
MSI,91
MSI,91
MSI,91
MSI,91
MSI,91
MSI,91
MSI,91
MSI,91
MSI,91
MSI,91
MSI,91
MSI,104
MSI,104
MSI,104
MSI,104
MSI,104
MSI,104
MSI,104
MSI,104
MSI,104
MSI,104
MSI,104
MSI,115
MSI,115
MSI,115
MSI,115
MSI,115
MSI,115
MSI,115
MSI,115
MSI,115
MSI,115
MSI,115
MSI,115
MSI,115
MSI,115
MSI,115
MSI,115
MSI,115
MSI,115
MSI,133
MSI,133
MSI,133
MSI,133
MSI,133
MSI,133
MSI,133
MSI,133
MSI,133
MSI,133
MSI,143
MSI,143
MSI,143
MSI,143
MSI,143
MSI,143
MSI,143
MSI,143
MSI,151
MSI,151
MSI,151
MSI,151
MSI,151
MSI,151
MSI,151
MSI,151
MSI,151
MSI,151
MSI,151
MSI,151
MSI,151
MSI,151
MSI,151
MSI,151
MSI,167
MSI,167
MSI,167
MSI,167
MSI,167
MSI,167
MSI,167
MSI,167
MSI,167
MSI,167
MSI,167
MSI,167
MSI,167
MSI,167
MSI,167
MSI,167
MSI,183
MSI,183
MSI,183
MSI,183
MSI,183
MSI,183
MSI,183
MSI,183
MSI,183
MSI,183
MSI,193
MSI,193
MSI,193
MSI,193
MSI,193
MSI,193
MSI,193
MSI,193
MSI,193
MSI,193
MSI,193
MSI,193
MSI,193
MSI,193
MSI,193
MSI,208
MSI,208
MSI,208
MSI,208
MSI,208
MSI,208
MSI,208
MSI,208
MSI,208
MSI,208
MSI,218
MSI,218
MSI,218
MSI,218
MSI,218
MSI,218
MSI,218
MSI,218
MSI,218
MSI,218
MSI,218
MSI,229
MSI,229
MSI,229
MSI,229
MSI,229
MSI,229
MSI,229
MSI,229
MSI,229
MSI,238
MSI,238
MSI,238
MSI,238
MSI,242
MSI,242
MSI,242
MSI,242
MSI,242
MSI,242
MSI,242
MSI,242
MSI,242
MSI,242
MSI,252
MSI,252
MSI,252
MSI,252
MSI,252
MSI,252
MSI,252
MSI,252
MSI,252
MSI,252
MSI,252
MSI,252
MSI,252
MSI,265
MSI,265
MSI,265
MSI,265
MSI,265
MSI,265
MSI,265
MSI,265
MSI,265
MSI,274
MSI,274
MSI,274
MSI,274
MSI,274
MSI,274
MSI,274
MSI,274
MSI,274
MSI,274
MSI,274
MSI,285
MSI,285
MSI,285
MSI,285
MSI,289
MSI,289
MSI,289
MSI,289
MSI,289
MSI,289
MSI,289
MSI,289
MSI,289
MSI,289
MSI,289
MSI,300
MSI,300
MSI,300
MSI,300
MSI,300
MSI,300
MSI,300
MSI,300
MSI,300
MSI,300
MSI,300
MSI,300
MSI,300
MSI,300
MSI,314
MSI,314
MSI,314
MSI,314
MSI,314
MSI,314
MSI,314
MSI,314
MSI,314
MSI,323
MSI,323
MSI,325
MSI,325
MSI,325
MSI,325
MSI,325
MSI,325
MSI,325
MSI,325
MSI,325
MSI,325
MSI,325
MSI,325
MSI,337
MSI,337
MSI,337
MSI,337
MSI,337
MSI,337
MSI,337
MSI,337
MSI,337
MSI,346
MSI,346
MSI,346
MSI,346
MSI,346
MSI,346
MSI,346
MSI,346
MSI,354
MSI,354
MSI,354
MSI,354
MSI,354
MSI,354
MSI,354
MSI,354
MSI,354
MSI,354
MSI,364
MSI,364
MSI,364
MSI,364
MSI,364
MSI,364
MSI,370
MSI,370
MSI,370
MSI,370
MSI,370
MSI,370
MSI,370
MSI,377
MSI,377
MSI,377
MSI,377
MSI,377
MSI,377
MSI,383
MSI,383
MSI,383
MSI,383
MSI,383
MSI,388
MSI,388
MSI,388
MSI,388
MSI,388
MSI,388
MSI,388
MSI,388
MSI,388
MSI,388
MSI,388
MSI,399
MSI,399
MSI,399
MSI,399
MSI,399
MSI,399
MSI,399
MSI,399
MSI,399
MSI,399
MSI,399
MSI,399
MSI,411
MSI,411
MSI,411
MSI,411
MSI,411
MSI,411
MSI,411
MSI,411
MSI,411
MSI,411
MSI,411
MSI,411
MSI,423
MSI,423
MSI,423
MSI,423
MSI,427
MSI,427
MSI,427
MSI,427
MSI,427
MSI,427
MSI,427
MSI,434
MSI,434
MSI,434
MSI,434
MSI,434
MSI,434
MSI,434
MSI,441
MSI,441
MSI,441
MSI,441
MSI,441
MSI,441
MSI,447
MSI,447
MSI,447
MSI,447
MSI,447
MSI,447
MSI,447
MSI,447
MSI,447
MSI,447
MSI,447
MSI,458
MSI,458
MSI,458
MSI,458
MSI,458
MSI,458
MSI,464
MSI,464
MSI,464
MSI,464
MSI,468
MSI,468
MSI,468
MSI,468
MSI,472
MSI,472
MSI,472
MSI,472
MSI,472
MSI,472
MSI,478
MSI,478
MSI,478
MSI,478
MSI,482
MSI,482
MSI,482
MSI,485
MSI,486
MSI,487
Samsung,1
Samsung,1
Samsung,3
Samsung,3
Samsung,5
Samsung,5
Samsung,5
Samsung,5
Samsung,5
Samsung,10
Samsung,10
Samsung,12
Samsung,12
Samsung,14
Samsung,15
Samsung,15
Samsung,15
Samsung,15
Samsung,15
Samsung,20
Samsung,20
Samsung,20
Samsung,20
Samsung,20
Samsung,20
Samsung,20
Samsung,27
Samsung,27
Samsung,27
Samsung,27
Samsung,27
Samsung,27
Samsung,27
Samsung,34
Samsung,34
Samsung,34
Samsung,34
Samsung,34
Samsung,34
Samsung,34
Samsung,34
Samsung,34
Samsung,43
Samsung,43
Samsung,43
Samsung,46
Samsung,46
Samsung,46
Samsung,46
Samsung,46
Samsung,46
Samsung,46
Samsung,46
Samsung,54
Samsung,54
Samsung,54
Samsung,54
Samsung,54
Samsung,54
Samsung,54
Samsung,61
Samsung,61
Samsung,61
Samsung,61
Samsung,61
Samsung,61
Samsung,61
Samsung,61
Samsung,61
Samsung,61
Samsung,61
Samsung,61
Samsung,61
Samsung,61
Samsung,61
Samsung,61
Samsung,61
Samsung,78
Samsung,78
Samsung,78
Samsung,78
Samsung,78
Samsung,78
Samsung,78
Samsung,78
Samsung,78
Samsung,87
Samsung,87
Samsung,87
Samsung,87
Samsung,87
Samsung,87
Samsung,87
Samsung,87
Samsung,87
Samsung,87
Samsung,97
Samsung,97
Samsung,97
Samsung,97
Samsung,97
Samsung,97
Samsung,97
Samsung,97
Samsung,97
Samsung,97
Samsung,107
Samsung,107
Samsung,107
Samsung,107
Samsung,107
Samsung,107
Samsung,107
Samsung,107
Samsung,107
Samsung,107
Samsung,107
Samsung,107
Samsung,107
Samsung,107
Samsung,107
Samsung,122
Samsung,122
Samsung,122
Samsung,122
Samsung,122
Samsung,122
Samsung,122
Samsung,122
Samsung,122
Samsung,122
Samsung,122
Samsung,122
Samsung,134
Samsung,134
Samsung,134
Samsung,134
Samsung,134
Samsung,134
Samsung,134
Samsung,134
Samsung,134
Samsung,134
Samsung,134
Samsung,145
Samsung,145
Samsung,145
Samsung,145
Samsung,145
Samsung,145
Samsung,145
Samsung,145
Samsung,145
Samsung,145
Samsung,145
Samsung,145
Samsung,157
Samsung,157
Samsung,157
Samsung,157
Samsung,157
Samsung,157
Samsung,157
Samsung,157
Samsung,157
Samsung,157
Samsung,157
Samsung,157
Samsung,169
Samsung,169
Samsung,169
Samsung,169
Samsung,169
Samsung,169
Samsung,169
Samsung,169
Samsung,169
Samsung,169
Samsung,169
Samsung,180
Samsung,180
Samsung,180
Samsung,180
Samsung,180
Samsung,180
Samsung,186
Samsung,186
Samsung,186
Samsung,186
Samsung,186
Samsung,186
Samsung,186
Samsung,186
Samsung,186
Samsung,186
Samsung,186
Samsung,186
Samsung,186
Samsung,186
Samsung,186
Samsung,186
Samsung,202
Samsung,202
Samsung,202
Samsung,202
Samsung,202
Samsung,202
Samsung,202
Samsung,202
Samsung,202
Samsung,202
Samsung,202
Samsung,202
Samsung,202
Samsung,202
Samsung,216
Samsung,216
Samsung,216
Samsung,216
Samsung,216
Samsung,216
Samsung,216
Samsung,216
Samsung,224
Samsung,224
Samsung,224
Samsung,224
Samsung,224
Samsung,224
Samsung,224
Samsung,224
Samsung,224
Samsung,224
Samsung,224
Samsung,235
Samsung,235
Samsung,235
Samsung,235
Samsung,235
Samsung,235
Samsung,235
Samsung,235
Samsung,235
Samsung,235
Samsung,235
Samsung,246
Samsung,246
Samsung,246
Samsung,246
Samsung,246
Samsung,246
Samsung,246
Samsung,246
Samsung,246
Samsung,246
Samsung,246
Samsung,257
Samsung,257
Samsung,257
Samsung,257
Samsung,257
Samsung,257
Samsung,257
Samsung,257
Samsung,257
Samsung,257
Samsung,257
Samsung,257
Samsung,257
Samsung,257
Samsung,271
Samsung,271
Samsung,271
Samsung,271
Samsung,271
Samsung,271
Samsung,271
Samsung,271
Samsung,271
Samsung,271
Samsung,271
Samsung,271
Samsung,283
Samsung,283
Samsung,283
Samsung,283
Samsung,283
Samsung,283
Samsung,283
Samsung,283
Samsung,283
Samsung,292
Samsung,292
Samsung,292
Samsung,292
Samsung,292
Samsung,292
Samsung,292
Samsung,292
Samsung,292
Samsung,301
Samsung,301
Samsung,301
Samsung,301
Samsung,301
Samsung,301
Samsung,307
Samsung,307
Samsung,307
Samsung,307
Samsung,307
Samsung,307
Samsung,307
Samsung,307
Samsung,307
Samsung,307
Samsung,307
Samsung,307
Samsung,307
Samsung,320
Samsung,320
Samsung,320
Samsung,320
Samsung,320
Samsung,325
Samsung,325
Samsung,325
Samsung,325
Samsung,325
Samsung,325
Samsung,325
Samsung,325
Samsung,325
Samsung,334
Samsung,334
Samsung,334
Samsung,334
Samsung,334
Samsung,334
Samsung,334
Samsung,334
Samsung,334
Samsung,343
Samsung,343
Samsung,343
Samsung,343
Samsung,343
Samsung,343
Samsung,343
Samsung,343
Samsung,343
Samsung,343
Samsung,343
Samsung,343
Samsung,343
Samsung,343
Samsung,343
Samsung,343
Samsung,343
Samsung,343
Samsung,343
Samsung,362
Samsung,362
Samsung,362
Samsung,362
Samsung,362
Samsung,362
Samsung,362
Samsung,362
Samsung,362
Samsung,362
Samsung,372
Samsung,372
Samsung,372
Samsung,372
Samsung,372
Samsung,372
Samsung,372
Samsung,372
Samsung,380
Samsung,380
Samsung,380
Samsung,380
Samsung,380
Samsung,380
Samsung,380
Samsung,380
Samsung,380
Samsung,389
Samsung,389
Samsung,389
Samsung,389
Samsung,389
Samsung,389
Samsung,389
Samsung,389
Samsung,389
Samsung,389
Samsung,399
Samsung,399
Samsung,399
Samsung,399
Samsung,399
Samsung,399
Samsung,399
Samsung,406
Samsung,406
Samsung,406
Samsung,409
Samsung,409
Samsung,409
Samsung,409
Samsung,409
Samsung,409
Samsung,409
Samsung,409
Samsung,409
Samsung,409
Samsung,419
Samsung,419
Samsung,419
Samsung,419
Samsung,423
Samsung,423
Samsung,423
Samsung,423
Samsung,423
Samsung,423
Samsung,423
Samsung,423
Samsung,423
Samsung,423
Samsung,423
Samsung,434
Samsung,434
Samsung,434
Samsung,434
Samsung,438
Samsung,438
Samsung,438
Samsung,438
Samsung,438
Samsung,443
Samsung,443
Samsung,443
Samsung,446
Samsung,446
Samsung,446
Samsung,446
Samsung,446
Samsung,446
Samsung,446
Samsung,446
Samsung,454
Samsung,454
Samsung,454
Samsung,454
Samsung,454
Samsung,459
Samsung,459
Samsung,459
Samsung,459
Samsung,459
Samsung,459
Samsung,465
Samsung,465
Samsung,465
Samsung,465
Samsung,469
Samsung,469
Samsung,469
Samsung,469
Samsung,473
Samsung,473
Samsung,475
Samsung,476
Samsung,477
Samsung,478
Samsung,478
Samsung,480
Toshiba,1
Toshiba,1
Toshiba,3
Toshiba,4
Toshiba,4
Toshiba,6
Toshiba,7
Toshiba,8
Toshiba,8
Toshiba,10
Toshiba,10
Toshiba,10
Toshiba,10
Toshiba,14
Toshiba,14
Toshiba,14
Toshiba,14
Toshiba,18
Toshiba,18
Toshiba,18
Toshiba,21
Toshiba,21
Toshiba,23
Toshiba,23
Toshiba,23
Toshiba,23
Toshiba,23
Toshiba,28
Toshiba,29
Toshiba,29
Toshiba,29
Toshiba,29
Toshiba,29
Toshiba,29
Toshiba,29
Toshiba,36
Toshiba,36
Toshiba,36
Toshiba,36
Toshiba,36
Toshiba,36
Toshiba,36
Toshiba,36
Toshiba,44
Toshiba,44
Toshiba,44
Toshiba,44
Toshiba,44
Toshiba,49
Toshiba,49
Toshiba,49
Toshiba,49
Toshiba,49
Toshiba,49
Toshiba,49
Toshiba,49
Toshiba,49
Toshiba,49
Toshiba,49
Toshiba,49
Toshiba,61
Toshiba,61
Toshiba,61
Toshiba,61
Toshiba,61
Toshiba,61
Toshiba,61
Toshiba,61
Toshiba,61
Toshiba,61
Toshiba,61
Toshiba,61
Toshiba,73
Toshiba,73
Toshiba,73
Toshiba,73
Toshiba,73
Toshiba,73
Toshiba,73
Toshiba,73
Toshiba,73
Toshiba,73
Toshiba,73
Toshiba,84
Toshiba,84
Toshiba,84
Toshiba,84
Toshiba,84
Toshiba,84
Toshiba,84
Toshiba,84
Toshiba,84
Toshiba,93
Toshiba,93
Toshiba,93
Toshiba,93
Toshiba,93
Toshiba,93
Toshiba,93
Toshiba,93
Toshiba,93
Toshiba,93
Toshiba,103
Toshiba,103
Toshiba,103
Toshiba,103
Toshiba,103
Toshiba,103
Toshiba,103
Toshiba,103
Toshiba,103
Toshiba,103
Toshiba,103
Toshiba,103
Toshiba,115
Toshiba,115
Toshiba,115
Toshiba,115
Toshiba,115
Toshiba,115
Toshiba,115
Toshiba,115
Toshiba,115
Toshiba,115
Toshiba,115
Toshiba,115
Toshiba,115
Toshiba,128
Toshiba,128
Toshiba,128
Toshiba,128
Toshiba,128
Toshiba,128
Toshiba,128
Toshiba,128
Toshiba,128
Toshiba,128
Toshiba,128
Toshiba,128
Toshiba,128
Toshiba,128
Toshiba,128
Toshiba,128
Toshiba,128
Toshiba,128
Toshiba,128
Toshiba,128
Toshiba,148
Toshiba,148
Toshiba,148
Toshiba,148
Toshiba,148
Toshiba,148
Toshiba,148
Toshiba,148
Toshiba,148
Toshiba,148
Toshiba,148
Toshiba,148
Toshiba,160
Toshiba,160
Toshiba,160
Toshiba,160
Toshiba,160
Toshiba,160
Toshiba,160
Toshiba,160
Toshiba,160
Toshiba,169
Toshiba,169
Toshiba,169
Toshiba,169
Toshiba,169
Toshiba,169
Toshiba,169
Toshiba,169
Toshiba,177
Toshiba,177
Toshiba,177
Toshiba,177
Toshiba,177
Toshiba,177
Toshiba,177
Toshiba,177
Toshiba,177
Toshiba,177
Toshiba,177
Toshiba,177
Toshiba,177
Toshiba,177
Toshiba,191
Toshiba,191
Toshiba,191
Toshiba,191
Toshiba,191
Toshiba,191
Toshiba,191
Toshiba,191
Toshiba,191
Toshiba,191
Toshiba,191
Toshiba,202
Toshiba,202
Toshiba,202
Toshiba,202
Toshiba,202
Toshiba,202
Toshiba,202
Toshiba,202
Toshiba,202
Toshiba,202
Toshiba,202
Toshiba,202
Toshiba,214
Toshiba,214
Toshiba,214
Toshiba,214
Toshiba,214
Toshiba,214
Toshiba,214
Toshiba,214
Toshiba,214
Toshiba,214
Toshiba,214
Toshiba,214
Toshiba,226
Toshiba,226
Toshiba,226
Toshiba,226
Toshiba,226
Toshiba,226
Toshiba,232
Toshiba,232
Toshiba,232
Toshiba,232
Toshiba,232
Toshiba,232
Toshiba,232
Toshiba,232
Toshiba,232
Toshiba,232
Toshiba,232
Toshiba,232
Toshiba,232
Toshiba,245
Toshiba,245
Toshiba,245
Toshiba,245
Toshiba,245
Toshiba,245
Toshiba,245
Toshiba,245
Toshiba,245
Toshiba,245
Toshiba,245
Toshiba,256
Toshiba,256
Toshiba,256
Toshiba,256
Toshiba,256
Toshiba,256
Toshiba,256
Toshiba,256
Toshiba,256
Toshiba,265
Toshiba,265
Toshiba,265
Toshiba,265
Toshiba,265
Toshiba,265
Toshiba,265
Toshiba,265
Toshiba,265
Toshiba,265
Toshiba,265
Toshiba,265
Toshiba,277
Toshiba,277
Toshiba,277
Toshiba,277
Toshiba,277
Toshiba,277
Toshiba,277
Toshiba,277
Toshiba,277
Toshiba,277
Toshiba,277
Toshiba,277
Toshiba,277
Toshiba,277
Toshiba,277
Toshiba,292
Toshiba,292
Toshiba,292
Toshiba,292
Toshiba,296
Toshiba,296
Toshiba,296
Toshiba,296
Toshiba,296
Toshiba,296
Toshiba,296
Toshiba,296
Toshiba,296
Toshiba,296
Toshiba,296
Toshiba,296
Toshiba,296
Toshiba,296
Toshiba,296
Toshiba,296
Toshiba,296
Toshiba,296
Toshiba,314
Toshiba,314
Toshiba,314
Toshiba,314
Toshiba,314
Toshiba,314
Toshiba,314
Toshiba,314
Toshiba,314
Toshiba,323
Toshiba,323
Toshiba,323
Toshiba,323
Toshiba,323
Toshiba,323
Toshiba,323
Toshiba,323
Toshiba,331
Toshiba,331
Toshiba,331
Toshiba,331
Toshiba,331
Toshiba,331
Toshiba,331
Toshiba,331
Toshiba,331
Toshiba,331
Toshiba,331
Toshiba,331
Toshiba,343
Toshiba,343
Toshiba,343
Toshiba,343
Toshiba,343
Toshiba,343
Toshiba,343
Toshiba,350
Toshiba,350
Toshiba,350
Toshiba,350
Toshiba,350
Toshiba,350
Toshiba,350
Toshiba,350
Toshiba,350
Toshiba,350
Toshiba,360
Toshiba,360
Toshiba,360
Toshiba,360
Toshiba,360
Toshiba,360
Toshiba,360
Toshiba,360
Toshiba,368
Toshiba,368
Toshiba,368
Toshiba,368
Toshiba,368
Toshiba,368
Toshiba,368
Toshiba,368
Toshiba,368
Toshiba,377
Toshiba,377
Toshiba,377
Toshiba,377
Toshiba,377
Toshiba,377
Toshiba,377
Toshiba,377
Toshiba,377
Toshiba,377
Toshiba,377
Toshiba,377
Toshiba,377
Toshiba,390
Toshiba,390
Toshiba,390
Toshiba,390
Toshiba,390
Toshiba,390
Toshiba,390
Toshiba,397
Toshiba,397
Toshiba,397
Toshiba,397
Toshiba,397
Toshiba,397
Toshiba,397
Toshiba,397
Toshiba,397
Toshiba,397
Toshiba,397
Toshiba,408
Toshiba,408
Toshiba,408
Toshiba,408
Toshiba,408
Toshiba,408
Toshiba,408
Toshiba,408
Toshiba,408
Toshiba,408
Toshiba,418
Toshiba,418
Toshiba,418
Toshiba,418
Toshiba,418
Toshiba,418
Toshiba,424
Toshiba,424
Toshiba,424
Toshiba,424
Toshiba,428
Toshiba,428
Toshiba,428
Toshiba,428
Toshiba,428
Toshiba,428
Toshiba,428
Toshiba,428
Toshiba,436
Toshiba,436
Toshiba,436
Toshiba,436
Toshiba,436
Toshiba,436
Toshiba,436
Toshiba,436
Toshiba,436
Toshiba,445
Toshiba,445
Toshiba,445
Toshiba,445
Toshiba,449
Toshiba,449
Toshiba,449
Toshiba,449
Toshiba,449
Toshiba,449
Toshiba,449
Toshiba,449
Toshiba,449
Toshiba,458
Toshiba,458
Toshiba,458
Toshiba,458
Toshiba,458
Toshiba,458
Toshiba,458
Toshiba,458
Toshiba,466
Toshiba,466
Toshiba,466
Toshiba,466
Toshiba,466
Toshiba,471
Toshiba,471
Toshiba,471
Toshiba,471
Toshiba,471
Toshiba,471
Toshiba,477
Toshiba,477
Toshiba,477
Toshiba,477
Toshiba,481
Toshiba,481
Toshiba,481
Toshiba,481
Toshiba,485
Toshiba,485
Toshiba,485
Toshiba,485
Toshiba,485
Toshiba,490
Toshiba,491
Toshiba,492
unknown,1
unknown,2
unknown,3
unknown,3
unknown,5
unknown,5
unknown,7
unknown,8
unknown,8
unknown,8
unknown,11
unknown,11
unknown,13
unknown,14
unknown,14
unknown,16
unknown,17
unknown,18
unknown,19
unknown,20
unknown,21
unknown,22
unknown,23
unknown,24
unknown,24
unknown,24
unknown,27
unknown,28
unknown,28
unknown,30
unknown,31
unknown,32
unknown,32
unknown,34
unknown,34
unknown,36
unknown,37
unknown,37
unknown,37
unknown,40
unknown,40
unknown,42
unknown,43
unknown,44
unknown,45
unknown,46
unknown,47
unknown,47
unknown,49
unknown,49
unknown,51
unknown,52
unknown,53
unknown,53
unknown,53
unknown,56
unknown,57
unknown,57
unknown,59
unknown,60
unknown,61
unknown,62
unknown,63
unknown,64
